{
  "QuestionSets": [
    "Games", "Messaging", "Movie",
    "Music", "News", "Newspaper",
    "Retail", "SocialMedia", "Sports",
    "VideoStreaming"
  ],
  "Baby Boomer": [
    1.040702, 10.328480, 4.583579, 6.434963, 1.720946, 0.359056,
    7.966563, 5.242784, -1.274931, 7.899240
  ],
  "Gen X": [
    0.766643, 4.803002, 4.976386, 7.001359, 4.344957, 11.171637,
    5.324448, 1.062949, 3.113800, 16.355049
  ],
  "Gen Z": [
    6.266150, -8.204134, -7.364341,2.583979, 4.651163, 11.175711,
    6.136951, 4.974160, 15.891473, -5.361757
  ],
  "Mature": [-2.296442, 0.292501, -1.298620, -9.376621, -5.816824, 3.804585,
    2.844103, -5.899803, -0.358884, -4.207032
  ],
  "Millenial": [
    1.832315, 5.464783, 3.893839,8.736677, -1.678301, 7.394489,
    9.547516, 4.504007, 4.534809, 3.419566
  ]
}
