{
  "Years": ["2009", "2010", "2011"],
  "QuestionSets": [ "Smartphone", "TV", "Tablet", "PC"],
  "Movies": [
              [23.896435, 3.935453, 56.699422, 4.445568],
              [27.241270, 6.687075, 46.618594, 6.411791],
              [24.801502, 10.863444, 41.158611, 8.816987]
  ],
  "Sports": [
            [10.161368, 2.320328, 48.791426, 1.603565],
            [14.375964, 4.773243, 39.721542, 3.609070],
            [18.271234, 8.539183, 34.677616, 6.038949]
  ],
  "TV": [
          [22.587669, 3.745183, 57.296243, 4.696532],
          [25.684807, 6.396372, 47.853061, 6.458503],
          [23.939934, 10.396527, 44.583763, 8.550446]
  ]
}


{
  "Years": ["2009", "2010", "2011"],
  "QuestionSets": [ "Movies", "Sports", "TV"],
  "PC": [[23.896435, 10.161368, 22.587669],[27.241270, 14.375964, 25.684807],[]],
  "Smartphone": [],
  "TV": [],
  "Tablet": []
  "Movies": [
              [23.896435, 3.935453, 56.699422, 4.445568],
              [27.241270, 6.687075, 46.618594, 6.411791],
              [24.801502, 10.863444, 41.158611, 8.816987]
  ],
  "Sports": [
            [10.161368, 2.320328, 48.791426, 1.603565],
            [14.375964, 4.773243, 39.721542, 3.609070],
            [18.271234, 8.539183, 34.677616, 6.038949]
  ],
  "TV": [
          [22.587669, 3.745183, 57.296243, 4.696532],
          [25.684807, 6.396372, 47.853061, 6.458503],
          [23.939934, 10.396527, 44.583763, 8.550446]
  ]
}




"Movies": [[23.896435, 3.935453, 56.699422, 4.445568],
           [27.241270, 6.687075, 46.618594, 6.411791],
           [24.801502, 10.863444, 41.158611, 8.816987]],
"Sports": [[10.161368, 2.320328, 48.791426, 1.603565],
           [14.375964, 4.773243, 39.721542, 3.609070],
           [18.271234, 8.539183, 34.677616, 6.038949]],
"TV Shows":[[22.587669, 3.745183, 57.296243, 4.696532],
            [25.684807, 6.396372, 47.853061, 6.458503],
            [23.939934, 10.396527, 44.583763, 8.550446]]



            {
            "Years": ["2009", "2010", "2011"],
            "QuestionSets": ["PC", "SmartPhone", "TV", "Tablet"],

            "PC": {
              "Movies": [23.896435, 27.241270,  24.801502],
              "Sports": [10.161368, 14.375964, 18.271234],
              "TVShows": [22.587669, 25.684807, 23.939934]
            },
            "Smartphone": {
              "Movies": [3.935453, 6.687075, 10.863444],
              "Sports": [2.320328, 4.773243, 8.539183],
              "TVShows": [3.745183, 6.396372, 10.396527]
            },
            "TV": {
              "Movies": [56.699422, 46.618594, 41.158611],
              "Sports": [48.791426, 39.721542, 34.677616],
              "TVShows": [57.296243, 47.853061, 44.583763]
            },
            "Tablet": {
              "Movies": [4.445568, 6.411791, 8.816987],
              "Sports": [1.603565, 3.609070, 6.038949],
              "TVShows": [4.696532, 6.458503, 8.550446]
            }
            }
