{
  "QuestionSets": [
    "Pay TV",
    "Home internet",
    "Landline telephone",
    "Mobile voice",
    "Mobile data plan",
    "Streaming video service",
    "Streaming music service",
    "Gaming",
    "News",
    "Magazine",
    "None"
  ],
  "Pay TV": [
    1.000000, 0.266923, 0.255997, 0.171991, 0.085439, -0.022562, 0.003042,
    0.023935, 0.175080, 0.149744, -0.255179
  ],
  "Home internet": [
    0.266923, 1.000000, 0.223700, 0.232812, 0.142969, 0.121705, 0.073224,
    0.038989, 0.085862, 0.128667, -0.447413
  ],
  "Landline telephone": [
    0.255997, 0.223700, 1.000000, 0.102513, -0.099579, -0.104581, -0.060558,
    -0.064293, 0.276036, 0.216853, -0.171439
  ],
  "Mobile voice": [
    0.171991, 0.232812, 0.102513, 1.000000, 0.266343, 0.136201, 0.100239,
    0.045775, 0.132670, 0.142764, -0.206042
  ],
  "Mobile data plan": [
    0.085439, 0.142969, -0.099579, 0.266343, 1.000000, 0.279672, 0.212906,
    0.146335, -0.035412, 0.030673, -0.166697
  ],
  "Streaming video service": [
    -0.022562, 0.121705, -0.104581, 0.136201, 0.279672, 1.000000, 0.326849,
    0.250751, -0.045028, 0.026250, -0.127326
  ],
  "Streaming music service": [
    0.003042, 0.073224, -0.060558, 0.100239, 0.212906, 0.326849, 1.000000,
    0.272427, 0.021194, 0.073825, -0.071218
  ],
  "Gaming": [
    0.023935, 0.038989, -0.064293, 0.045775, 0.146335, 0.250751, 0.272427,
    1.000000, -0.023899, -0.012358, -0.080280
  ],
  "News": [
    0.175080, 0.085862, 0.276036, 0.132670, -0.035412, -0.045028, 0.021194,
    -0.023899, 1.000000, 0.492304, -0.100471
  ],
  "Magazine": [
    0.149744, 0.128667, 0.216853, 0.142764, 0.030673, 0.026250, 0.073825,
    -0.012358, 0.492304, 1.000000, -0.116379
  ],
  "None": [
    -0.255179, -0.447413, -0.171439, -0.206042, -0.166697, -0.127326, -0.071218,
    -0.080280, -0.100471, -0.116379, 1.000000
  ]
}
